Region,Seed Type,Quantity Distributed (kg),Farmer Count,Subsidy Provided (INR),Distribution Channel,Season,Year,Latitude,Longitude
Satara,Cotton,1476,352,46049,Private,Kharif,2022,17.6805,74.0183
Latur,Pulses,1160,126,16661,NGO,Kharif,2022,18.4088,76.5604
Wardha,Wheat,4953,108,11313,NGO,Rabi,2023,20.7453,78.6022
Hingoli,Pulses,4232,128,30692,NGO,Zaid,2022,19.7191,77.148
Aurangabad,Maize,3573,421,46015,Private,Zaid,2024,19.8762,75.3433
Kolhapur,Rice,4695,274,27118,Government,Kharif,2024,16.705,74.2433
Yavatmal,Pulses,4786,90,37058,Private,Zaid,2022,20.3893,78.1306
Ahmednagar,Pulses,4217,402,35104,Cooperative,Zaid,2024,19.0948,74.7477
Nashik,Cotton,2860,317,9124,Private,Kharif,2024,19.9975,73.7898
Kolhapur,Oilseeds,4303,336,20096,Cooperative,Rabi,2024,16.705,74.2433
Beed,Rice,3129,99,2896,Government,Kharif,2022,18.9891,75.7601
Ratnagiri,Cotton,2294,318,24086,Private,Kharif,2024,16.9902,73.312
Nanded,Cotton,2120,315,49106,Private,Kharif,2023,19.1383,77.321
Bhandara,Oilseeds,3534,15,28939,Private,Rabi,2023,21.1661,79.6526
Mumbai,Soybean,4808,258,18770,Private,Kharif,2024,19.076,72.8777
Amravati,Oilseeds,2370,309,26926,Private,Kharif,2024,20.9374,77.7796
Beed,Wheat,1262,81,19170,Private,Rabi,2024,18.9891,75.7601
Pune,Wheat,929,50,27004,Private,Kharif,2024,18.5204,73.8567
Nanded,Maize,2637,83,39513,Government,Zaid,2023,19.1383,77.321
Wardha,Pulses,4689,479,10758,NGO,Zaid,2024,20.7453,78.6022
Nashik,Cotton,1083,99,19335,Cooperative,Kharif,2022,19.9975,73.7898
Nandurbar,Rice,3429,367,45165,NGO,Zaid,2024,21.3667,74.25
Parbhani,Pulses,3318,258,8781,Cooperative,Rabi,2023,19.2704,76.7601
Nagpur,Pulses,2912,379,6428,NGO,Rabi,2024,21.1458,79.0882
Kolhapur,Oilseeds,2127,125,18837,Cooperative,Zaid,2024,16.705,74.2433
Akola,Pulses,2461,240,47540,Government,Zaid,2024,20.7096,77.0027
Gadchiroli,Pulses,604,226,37102,Private,Zaid,2022,20.1868,80.192
Solapur,Maize,1173,478,34488,Government,Kharif,2023,17.6599,75.9064
Latur,Cotton,3969,28,49511,Government,Kharif,2022,18.4088,76.5604
Jalgaon,Oilseeds,4754,308,38476,NGO,Rabi,2022,21.0077,75.5626
Nanded,Rice,3781,279,36727,Private,Kharif,2022,19.1383,77.321
Hingoli,Maize,4625,429,28380,NGO,Rabi,2022,19.7191,77.148
Nashik,Wheat,4394,160,40140,NGO,Zaid,2024,19.9975,73.7898
Aurangabad,Rice,1039,246,34726,Cooperative,Zaid,2023,19.8762,75.3433
Wardha,Maize,987,221,9682,NGO,Zaid,2022,20.7453,78.6022
Ratnagiri,Cotton,132,243,31466,Government,Rabi,2022,16.9902,73.312
Sindhudurg,Soybean,772,449,11344,Government,Kharif,2024,16.1667,73.6667
Dhule,Rice,1476,362,1667,Cooperative,Kharif,2024,20.9042,74.7749
Nashik,Oilseeds,3913,132,36868,Government,Rabi,2024,19.9975,73.7898
Nandurbar,Soybean,3594,290,47164,NGO,Zaid,2022,21.3667,74.25
Nashik,Oilseeds,1150,416,27892,Government,Kharif,2022,19.9975,73.7898
Satara,Rice,2224,229,24398,Cooperative,Rabi,2024,17.6805,74.0183
Dhule,Rice,4487,493,16698,Private,Kharif,2024,20.9042,74.7749
Kolhapur,Maize,4539,316,11826,Government,Kharif,2023,16.705,74.2433
Washim,Maize,2572,239,47885,Government,Kharif,2022,20.139,77.1025
Hingoli,Oilseeds,456,413,37765,Private,Rabi,2024,19.7191,77.148
Palghar,Pulses,3192,335,39148,Cooperative,Kharif,2024,19.6964,72.7656
Dhule,Pulses,3553,454,42554,Government,Zaid,2023,20.9042,74.7749
Chandrapur,Cotton,693,364,33759,Government,Kharif,2023,19.9615,79.2961
Chandrapur,Oilseeds,3284,134,18920,Government,Rabi,2022,19.9615,79.2961
Latur,Wheat,4317,492,33420,Private,Kharif,2024,18.4088,76.5604
Sindhudurg,Pulses,1485,478,8783,NGO,Rabi,2024,16.1667,73.6667
Raigad,Soybean,3538,21,1958,Government,Kharif,2022,18.5236,73.1365
Aurangabad,Rice,938,223,48228,NGO,Kharif,2022,19.8762,75.3433
Latur,Soybean,4152,488,13545,NGO,Kharif,2024,18.4088,76.5604
Akola,Soybean,4954,423,5311,Government,Zaid,2022,20.7096,77.0027
Gadchiroli,Cotton,3575,287,1321,NGO,Rabi,2023,20.1868,80.192
Akola,Oilseeds,2635,73,29029,Private,Zaid,2024,20.7096,77.0027
Mumbai,Maize,3227,448,26708,Government,Kharif,2024,19.076,72.8777
Kolhapur,Oilseeds,1861,116,33903,Private,Zaid,2024,16.705,74.2433
Palghar,Soybean,2112,15,2336,Government,Kharif,2023,19.6964,72.7656
Mumbai,Rice,1333,168,25937,Cooperative,Zaid,2024,19.076,72.8777
Osmanabad,Rice,1540,200,9452,NGO,Rabi,2022,18.1868,76.0419
Bhandara,Wheat,2718,269,3278,Cooperative,Rabi,2022,21.1661,79.6526
Hingoli,Wheat,1198,383,26065,Government,Zaid,2023,19.7191,77.148
Gadchiroli,Maize,3204,228,10908,Private,Kharif,2022,20.1868,80.192
Bhandara,Cotton,2111,199,31504,Private,Rabi,2024,21.1661,79.6526
Sangli,Oilseeds,3955,408,7320,Government,Zaid,2024,16.8524,74.5815
Yavatmal,Cotton,4388,223,13911,Private,Rabi,2023,20.3893,78.1306
Kolhapur,Wheat,951,140,29606,Cooperative,Rabi,2023,16.705,74.2433
Solapur,Oilseeds,916,222,44689,Government,Kharif,2022,17.6599,75.9064
Yavatmal,Maize,2252,449,42827,NGO,Kharif,2023,20.3893,78.1306
Amravati,Wheat,3800,482,48964,Cooperative,Kharif,2023,20.9374,77.7796
Gondia,Rice,1638,474,1404,Cooperative,Zaid,2024,21.4597,80.199
Parbhani,Soybean,1221,181,41412,Private,Zaid,2023,19.2704,76.7601
Sangli,Pulses,3531,132,47371,NGO,Kharif,2022,16.8524,74.5815
Bhandara,Pulses,4868,170,22369,Private,Rabi,2024,21.1661,79.6526
Mumbai,Soybean,1685,304,2048,NGO,Rabi,2023,19.076,72.8777
Dhule,Maize,591,126,48767,Government,Rabi,2023,20.9042,74.7749
Solapur,Oilseeds,4570,106,4795,Private,Zaid,2023,17.6599,75.9064
Nandurbar,Oilseeds,1788,348,2122,Private,Kharif,2024,21.3667,74.25
Pune,Cotton,612,410,6532,Cooperative,Zaid,2024,18.5204,73.8567
Dhule,Wheat,4417,245,37062,Government,Rabi,2024,20.9042,74.7749
Satara,Pulses,2524,238,25557,Private,Rabi,2023,17.6805,74.0183
Ratnagiri,Oilseeds,393,211,19447,Cooperative,Rabi,2023,16.9902,73.312
Osmanabad,Pulses,3759,107,15234,Cooperative,Kharif,2024,18.1868,76.0419
Nandurbar,Oilseeds,4938,14,32498,NGO,Kharif,2022,21.3667,74.25
Bhandara,Rice,3948,434,33344,Cooperative,Kharif,2023,21.1661,79.6526
Sangli,Cotton,1900,405,48510,NGO,Rabi,2023,16.8524,74.5815
Dhule,Pulses,4094,19,13571,Cooperative,Kharif,2023,20.9042,74.7749
Wardha,Oilseeds,4412,292,39563,NGO,Kharif,2023,20.7453,78.6022
Dhule,Wheat,384,105,44353,NGO,Zaid,2024,20.9042,74.7749
Gadchiroli,Rice,613,363,33888,Cooperative,Zaid,2024,20.1868,80.192
Latur,Cotton,2205,204,19864,Cooperative,Kharif,2024,18.4088,76.5604
Parbhani,Rice,4042,266,1629,Cooperative,Rabi,2024,19.2704,76.7601
Raigad,Wheat,4151,392,10162,Private,Zaid,2024,18.5236,73.1365
Nanded,Cotton,2861,41,9914,Cooperative,Kharif,2024,19.1383,77.321
Nagpur,Wheat,4781,249,28730,NGO,Zaid,2022,21.1458,79.0882
Satara,Pulses,416,16,32223,Private,Rabi,2023,17.6805,74.0183
Gadchiroli,Maize,3984,321,7189,Government,Kharif,2022,20.1868,80.192
Osmanabad,Rice,2390,353,43082,Private,Rabi,2023,18.1868,76.0419
Gadchiroli,Soybean,758,207,6159,Private,Zaid,2023,20.1868,80.192
Solapur,Soybean,3449,278,31725,Private,Kharif,2022,17.6599,75.9064
Pune,Wheat,1127,441,40625,Private,Zaid,2023,18.5204,73.8567
Gadchiroli,Oilseeds,1917,125,27244,Private,Rabi,2024,20.1868,80.192
Osmanabad,Pulses,2140,217,45995,NGO,Rabi,2022,18.1868,76.0419
Satara,Pulses,2400,468,46727,NGO,Zaid,2023,17.6805,74.0183
Amravati,Pulses,1434,268,8681,Government,Zaid,2023,20.9374,77.7796
Solapur,Pulses,1378,305,14629,Government,Zaid,2023,17.6599,75.9064
Pune,Pulses,2462,23,44718,Government,Zaid,2023,18.5204,73.8567
Nashik,Oilseeds,3164,377,32597,Cooperative,Rabi,2022,19.9975,73.7898
Ahmednagar,Cotton,1810,108,22673,Private,Kharif,2024,19.0948,74.7477
Kolhapur,Maize,4384,361,28183,Cooperative,Kharif,2023,16.705,74.2433
Yavatmal,Maize,931,127,3159,Government,Kharif,2023,20.3893,78.1306
Akola,Cotton,3417,477,7075,Private,Kharif,2024,20.7096,77.0027
Osmanabad,Oilseeds,1897,321,4311,Government,Rabi,2022,18.1868,76.0419
Latur,Rice,1364,186,30062,Private,Zaid,2022,18.4088,76.5604
Ratnagiri,Pulses,1990,70,25283,Private,Rabi,2022,16.9902,73.312
Beed,Oilseeds,4391,214,23025,Government,Zaid,2024,18.9891,75.7601
Aurangabad,Cotton,3094,408,37190,NGO,Kharif,2022,19.8762,75.3433
Beed,Maize,338,381,26642,Government,Kharif,2023,18.9891,75.7601
Satara,Wheat,2407,491,10402,Private,Zaid,2024,17.6805,74.0183
Ratnagiri,Oilseeds,2814,286,9688,Private,Kharif,2024,16.9902,73.312
Gondia,Oilseeds,1582,135,2125,Private,Kharif,2022,21.4597,80.199
Solapur,Wheat,4320,187,5262,Private,Zaid,2024,17.6599,75.9064
Pune,Oilseeds,1799,235,15702,Private,Kharif,2022,18.5204,73.8567
Akola,Wheat,2945,101,31064,NGO,Kharif,2024,20.7096,77.0027
Washim,Pulses,1041,246,31282,Government,Zaid,2022,20.139,77.1025
Wardha,Oilseeds,4184,482,15323,Cooperative,Rabi,2023,20.7453,78.6022
Mumbai,Soybean,1735,282,46383,Private,Zaid,2023,19.076,72.8777
Osmanabad,Pulses,4410,13,47933,Private,Kharif,2024,18.1868,76.0419
Nanded,Rice,3505,98,29624,Government,Kharif,2024,19.1383,77.321
Washim,Pulses,1371,24,27145,Private,Zaid,2023,20.139,77.1025
Chandrapur,Maize,1007,75,30007,NGO,Rabi,2024,19.9615,79.2961
Beed,Cotton,2642,250,38447,NGO,Kharif,2024,18.9891,75.7601
Chandrapur,Maize,1358,147,22217,NGO,Kharif,2022,19.9615,79.2961
Nashik,Rice,4100,351,8939,Cooperative,Rabi,2022,19.9975,73.7898
Aurangabad,Oilseeds,2578,289,36890,Cooperative,Zaid,2023,19.8762,75.3433
Gondia,Rice,1562,272,20023,NGO,Rabi,2022,21.4597,80.199
Beed,Maize,4557,113,34006,Private,Rabi,2023,18.9891,75.7601
Solapur,Wheat,4412,340,43910,Government,Kharif,2023,17.6599,75.9064
Hingoli,Wheat,163,195,31596,Government,Rabi,2022,19.7191,77.148
Solapur,Oilseeds,4817,108,16099,NGO,Rabi,2024,17.6599,75.9064
Mumbai,Maize,2311,260,43554,Government,Kharif,2023,19.076,72.8777
Bhandara,Wheat,3676,159,15052,Private,Zaid,2022,21.1661,79.6526
Amravati,Oilseeds,2838,225,29802,Cooperative,Kharif,2024,20.9374,77.7796
Yavatmal,Maize,3188,156,35655,NGO,Rabi,2023,20.3893,78.1306
Pune,Wheat,4320,198,26493,Private,Rabi,2023,18.5204,73.8567
Nanded,Oilseeds,4437,419,36786,Private,Rabi,2024,19.1383,77.321
Ratnagiri,Wheat,4425,236,22827,Private,Rabi,2022,16.9902,73.312
Nagpur,Wheat,1318,27,45228,Government,Kharif,2023,21.1458,79.0882
Yavatmal,Maize,668,59,24458,Private,Zaid,2024,20.3893,78.1306
Yavatmal,Rice,3391,102,5345,Private,Rabi,2022,20.3893,78.1306
Nashik,Maize,4404,267,1408,NGO,Kharif,2024,19.9975,73.7898
Washim,Maize,665,392,40820,NGO,Kharif,2022,20.139,77.1025
Gondia,Pulses,1603,160,17916,Private,Zaid,2023,21.4597,80.199
Nagpur,Oilseeds,2654,228,40454,Private,Zaid,2022,21.1458,79.0882
Amravati,Maize,2024,17,35063,Cooperative,Rabi,2022,20.9374,77.7796
Gondia,Pulses,612,122,36485,NGO,Rabi,2022,21.4597,80.199
Akola,Soybean,3616,167,43296,Cooperative,Zaid,2022,20.7096,77.0027
Gondia,Pulses,3808,180,19723,Private,Kharif,2024,21.4597,80.199
Akola,Oilseeds,4227,440,36783,Private,Rabi,2022,20.7096,77.0027
Aurangabad,Maize,4343,268,39113,Government,Zaid,2024,19.8762,75.3433
Kolhapur,Maize,1759,307,39051,Cooperative,Rabi,2024,16.705,74.2433
Yavatmal,Maize,4465,106,3355,Cooperative,Zaid,2024,20.3893,78.1306
Bhandara,Rice,3352,334,19664,NGO,Rabi,2022,21.1661,79.6526
Ahmednagar,Wheat,2411,229,12153,NGO,Rabi,2022,19.0948,74.7477
Bhandara,Oilseeds,1781,238,39227,Cooperative,Zaid,2024,21.1661,79.6526
Beed,Maize,3594,87,20831,NGO,Zaid,2022,18.9891,75.7601
Nanded,Cotton,4750,120,37229,NGO,Rabi,2023,19.1383,77.321
Kolhapur,Pulses,2272,72,27021,Private,Zaid,2023,16.705,74.2433
Yavatmal,Soybean,1792,352,25883,Government,Rabi,2024,20.3893,78.1306
Hingoli,Oilseeds,1012,219,42706,NGO,Kharif,2022,19.7191,77.148
Sangli,Cotton,2127,355,23472,NGO,Rabi,2022,16.8524,74.5815
Wardha,Soybean,3522,454,6736,NGO,Rabi,2024,20.7453,78.6022
Parbhani,Oilseeds,4950,117,2128,Cooperative,Rabi,2023,19.2704,76.7601
Ratnagiri,Pulses,2791,10,39211,Private,Kharif,2022,16.9902,73.312
Ratnagiri,Oilseeds,3526,90,4349,NGO,Rabi,2023,16.9902,73.312
Palghar,Oilseeds,2043,195,16894,Cooperative,Rabi,2024,19.6964,72.7656
Chandrapur,Soybean,941,48,14738,Cooperative,Kharif,2023,19.9615,79.2961
Raigad,Rice,3924,37,34197,Private,Rabi,2023,18.5236,73.1365
Beed,Wheat,504,492,43670,Cooperative,Zaid,2023,18.9891,75.7601
Nagpur,Wheat,4490,57,16293,Cooperative,Kharif,2023,21.1458,79.0882
Sindhudurg,Pulses,926,418,13783,NGO,Zaid,2023,16.1667,73.6667
Gadchiroli,Rice,1949,269,35437,NGO,Zaid,2024,20.1868,80.192
Raigad,Wheat,2967,368,26683,Cooperative,Rabi,2024,18.5236,73.1365
Amravati,Wheat,2333,332,15531,Government,Rabi,2022,20.9374,77.7796
Kolhapur,Cotton,2916,175,10161,NGO,Kharif,2024,16.705,74.2433
Mumbai,Pulses,3899,92,48182,NGO,Zaid,2022,19.076,72.8777
Nashik,Rice,4895,114,5784,Government,Rabi,2022,19.9975,73.7898
Osmanabad,Maize,324,376,1157,Cooperative,Zaid,2022,18.1868,76.0419
Washim,Soybean,2625,370,46771,Cooperative,Kharif,2023,20.139,77.1025
Hingoli,Soybean,2064,83,46626,Cooperative,Rabi,2022,19.7191,77.148
Palghar,Oilseeds,3863,243,42024,Cooperative,Rabi,2024,19.6964,72.7656
Hingoli,Pulses,3805,66,4908,Cooperative,Zaid,2024,19.7191,77.148
Beed,Oilseeds,105,462,23622,Government,Kharif,2022,18.9891,75.7601
Nandurbar,Wheat,1482,451,37351,Government,Kharif,2022,21.3667,74.25
Nashik,Maize,1521,411,29534,NGO,Zaid,2022,19.9975,73.7898
Satara,Maize,1435,335,16269,NGO,Rabi,2022,17.6805,74.0183
Palghar,Oilseeds,1155,59,29824,NGO,Rabi,2024,19.6964,72.7656
Parbhani,Oilseeds,327,292,47291,Cooperative,Zaid,2023,19.2704,76.7601
Gadchiroli,Maize,3340,241,26649,Private,Rabi,2023,20.1868,80.192
Parbhani,Maize,4720,321,12625,Government,Zaid,2022,19.2704,76.7601
Nashik,Rice,613,229,36752,Private,Rabi,2024,19.9975,73.7898
Nagpur,Maize,3483,395,8150,Private,Rabi,2024,21.1458,79.0882
Pune,Maize,2638,246,42241,NGO,Rabi,2024,18.5204,73.8567
Raigad,Rice,1408,324,19023,Private,Rabi,2023,18.5236,73.1365
Ahmednagar,Rice,3224,486,30517,Private,Rabi,2022,19.0948,74.7477
Jalgaon,Maize,4267,50,34374,Cooperative,Kharif,2024,21.0077,75.5626
Dhule,Wheat,2531,314,24141,Government,Zaid,2022,20.9042,74.7749
Wardha,Wheat,4989,425,14019,Cooperative,Kharif,2024,20.7453,78.6022
Nandurbar,Wheat,3421,469,47603,Government,Kharif,2022,21.3667,74.25
Latur,Wheat,1887,44,3104,NGO,Zaid,2024,18.4088,76.5604
Jalgaon,Maize,2687,142,10508,Private,Zaid,2022,21.0077,75.5626
Kolhapur,Rice,1382,473,32152,Cooperative,Rabi,2023,16.705,74.2433
Hingoli,Cotton,4473,183,41043,NGO,Rabi,2023,19.7191,77.148
Gondia,Oilseeds,4490,110,48906,Government,Rabi,2023,21.4597,80.199
Sindhudurg,Pulses,2421,295,27852,Government,Rabi,2022,16.1667,73.6667
Parbhani,Rice,509,222,40889,NGO,Rabi,2024,19.2704,76.7601
Sangli,Rice,2176,96,26668,NGO,Rabi,2023,16.8524,74.5815
Nanded,Wheat,4641,146,49426,NGO,Rabi,2024,19.1383,77.321
Nanded,Cotton,4196,333,20173,Cooperative,Kharif,2024,19.1383,77.321
Latur,Maize,730,185,43229,NGO,Rabi,2024,18.4088,76.5604
Latur,Wheat,4169,96,24957,NGO,Zaid,2022,18.4088,76.5604
Yavatmal,Soybean,2540,169,46530,NGO,Rabi,2022,20.3893,78.1306
Sindhudurg,Wheat,3054,438,17771,Private,Kharif,2024,16.1667,73.6667
Sindhudurg,Wheat,504,55,29087,Cooperative,Zaid,2023,16.1667,73.6667
Nagpur,Maize,3755,142,43272,NGO,Rabi,2024,21.1458,79.0882
Solapur,Oilseeds,893,131,48515,Government,Zaid,2024,17.6599,75.9064
Nanded,Maize,1317,318,16565,NGO,Zaid,2023,19.1383,77.321
Washim,Wheat,2614,156,24203,Private,Zaid,2022,20.139,77.1025
Pune,Wheat,926,387,21591,Government,Rabi,2023,18.5204,73.8567
Ahmednagar,Maize,2561,173,45002,Government,Zaid,2022,19.0948,74.7477
Akola,Cotton,348,422,26505,Cooperative,Rabi,2024,20.7096,77.0027
Ratnagiri,Rice,2505,381,44031,Cooperative,Rabi,2023,16.9902,73.312
Hingoli,Rice,2177,286,11378,Government,Kharif,2024,19.7191,77.148
Parbhani,Soybean,1023,248,36436,Government,Rabi,2024,19.2704,76.7601
Washim,Soybean,359,332,16409,Private,Zaid,2022,20.139,77.1025
Solapur,Cotton,2682,20,21903,NGO,Kharif,2022,17.6599,75.9064
Raigad,Pulses,1637,136,7679,Cooperative,Rabi,2024,18.5236,73.1365
Amravati,Rice,4287,319,43070,NGO,Zaid,2023,20.9374,77.7796
Chandrapur,Rice,3870,166,29644,Cooperative,Zaid,2024,19.9615,79.2961
Ratnagiri,Maize,2820,339,13027,Government,Rabi,2024,16.9902,73.312
Chandrapur,Wheat,1466,188,7441,NGO,Rabi,2022,19.9615,79.2961
Chandrapur,Oilseeds,4050,307,35982,Private,Kharif,2022,19.9615,79.2961
Beed,Soybean,2769,499,31819,Government,Zaid,2024,18.9891,75.7601
Aurangabad,Rice,4830,386,27997,NGO,Kharif,2023,19.8762,75.3433
Palghar,Maize,2591,446,9570,Government,Zaid,2024,19.6964,72.7656
Palghar,Pulses,3527,393,49070,Government,Kharif,2022,19.6964,72.7656
Aurangabad,Wheat,1872,95,39836,Private,Kharif,2023,19.8762,75.3433
Washim,Pulses,1738,266,31051,Government,Zaid,2023,20.139,77.1025
Solapur,Wheat,4863,246,10402,Private,Kharif,2022,17.6599,75.9064
Yavatmal,Maize,2825,318,23168,Cooperative,Kharif,2022,20.3893,78.1306
Osmanabad,Rice,1337,128,18125,Government,Kharif,2024,18.1868,76.0419
Ratnagiri,Wheat,2229,330,14453,Private,Kharif,2023,16.9902,73.312
Dhule,Oilseeds,3407,322,35643,NGO,Rabi,2024,20.9042,74.7749
Nashik,Pulses,2983,85,27820,NGO,Rabi,2023,19.9975,73.7898
Nandurbar,Cotton,627,25,46225,NGO,Zaid,2022,21.3667,74.25
Pune,Wheat,2562,271,17579,Government,Rabi,2024,18.5204,73.8567
Washim,Pulses,1751,480,26596,Cooperative,Kharif,2023,20.139,77.1025
Raigad,Soybean,3204,81,47525,Private,Zaid,2024,18.5236,73.1365
Osmanabad,Pulses,2805,288,21158,Cooperative,Zaid,2022,18.1868,76.0419
Aurangabad,Cotton,329,455,20124,Government,Zaid,2024,19.8762,75.3433
Gondia,Cotton,3297,381,21288,NGO,Rabi,2022,21.4597,80.199
Jalgaon,Pulses,727,478,4326,Government,Kharif,2024,21.0077,75.5626
Ahmednagar,Wheat,4196,295,17178,NGO,Rabi,2023,19.0948,74.7477
Gondia,Soybean,3800,336,26917,Cooperative,Kharif,2023,21.4597,80.199
Wardha,Soybean,686,187,44317,NGO,Zaid,2023,20.7453,78.6022
Hingoli,Wheat,1317,83,15700,Government,Kharif,2023,19.7191,77.148
Sangli,Oilseeds,2946,482,5937,Government,Kharif,2022,16.8524,74.5815
Wardha,Pulses,3840,191,38421,Cooperative,Kharif,2022,20.7453,78.6022
Chandrapur,Wheat,2430,356,9743,NGO,Kharif,2023,19.9615,79.2961
Yavatmal,Pulses,3037,421,33958,NGO,Kharif,2022,20.3893,78.1306
Solapur,Maize,4118,401,4831,NGO,Zaid,2024,17.6599,75.9064
Osmanabad,Wheat,1568,469,41222,NGO,Kharif,2023,18.1868,76.0419
Mumbai,Oilseeds,2942,20,47976,Government,Kharif,2024,19.076,72.8777
Jalgaon,Oilseeds,4007,368,19829,NGO,Kharif,2024,21.0077,75.5626
Washim,Cotton,1614,208,8804,Private,Zaid,2022,20.139,77.1025
Kolhapur,Oilseeds,1669,35,26634,Government,Zaid,2023,16.705,74.2433
Ratnagiri,Cotton,688,417,10606,NGO,Kharif,2024,16.9902,73.312
Hingoli,Wheat,2186,435,15871,Private,Rabi,2023,19.7191,77.148
Gadchiroli,Maize,4531,228,27705,Government,Rabi,2022,20.1868,80.192
Kolhapur,Maize,2047,463,28816,Cooperative,Zaid,2024,16.705,74.2433
Jalgaon,Rice,3752,67,34978,Government,Kharif,2022,21.0077,75.5626
Mumbai,Soybean,1794,428,24648,Cooperative,Rabi,2023,19.076,72.8777
Dhule,Rice,1128,312,38865,Private,Rabi,2022,20.9042,74.7749
Nashik,Oilseeds,1774,400,34725,Cooperative,Kharif,2024,19.9975,73.7898
Latur,Rice,1775,372,26413,NGO,Zaid,2023,18.4088,76.5604
Beed,Pulses,2526,139,1844,Government,Kharif,2022,18.9891,75.7601
Nanded,Cotton,1005,281,4227,NGO,Rabi,2022,19.1383,77.321
Latur,Maize,3542,251,31144,NGO,Kharif,2024,18.4088,76.5604
Hingoli,Soybean,4059,313,14928,NGO,Rabi,2023,19.7191,77.148
Amravati,Oilseeds,1159,154,12443,Government,Kharif,2024,20.9374,77.7796
Mumbai,Maize,3319,21,27782,NGO,Kharif,2023,19.076,72.8777
Washim,Maize,3391,345,24611,Government,Rabi,2024,20.139,77.1025
Jalgaon,Pulses,641,413,25524,Government,Zaid,2024,21.0077,75.5626
Raigad,Cotton,2401,55,28949,Government,Kharif,2024,18.5236,73.1365
Nagpur,Maize,2259,309,17349,Government,Zaid,2022,21.1458,79.0882
Bhandara,Pulses,706,373,13480,Cooperative,Kharif,2023,21.1661,79.6526
Nagpur,Cotton,3993,100,39999,Private,Kharif,2022,21.1458,79.0882
Raigad,Maize,2286,454,48969,NGO,Kharif,2022,18.5236,73.1365
Sindhudurg,Cotton,3887,192,18446,Cooperative,Rabi,2023,16.1667,73.6667
Washim,Cotton,4247,232,22925,Cooperative,Rabi,2024,20.139,77.1025
Palghar,Pulses,3133,54,22457,Government,Kharif,2022,19.6964,72.7656
Nashik,Wheat,1790,477,7742,Cooperative,Rabi,2024,19.9975,73.7898
Bhandara,Pulses,3309,21,3167,Government,Kharif,2022,21.1661,79.6526
Beed,Cotton,4026,447,43398,Cooperative,Rabi,2023,18.9891,75.7601
Ratnagiri,Oilseeds,935,218,10164,NGO,Zaid,2023,16.9902,73.312
Beed,Rice,3357,157,12942,NGO,Rabi,2024,18.9891,75.7601
Aurangabad,Rice,4561,308,45942,Government,Zaid,2024,19.8762,75.3433
Nanded,Cotton,2196,156,43354,Cooperative,Kharif,2022,19.1383,77.321
Bhandara,Cotton,2159,439,38482,Cooperative,Kharif,2023,21.1661,79.6526
Chandrapur,Soybean,448,467,25829,Private,Zaid,2023,19.9615,79.2961
Sindhudurg,Rice,1407,445,10749,NGO,Rabi,2023,16.1667,73.6667
Sindhudurg,Wheat,1099,309,36116,Private,Kharif,2022,16.1667,73.6667
Wardha,Wheat,434,425,9460,NGO,Rabi,2022,20.7453,78.6022
Nashik,Cotton,4535,406,42491,Private,Kharif,2023,19.9975,73.7898
Gondia,Cotton,165,417,40384,NGO,Kharif,2024,21.4597,80.199
Raigad,Maize,2028,292,35751,Government,Rabi,2023,18.5236,73.1365
Nandurbar,Soybean,1640,176,25195,Cooperative,Kharif,2022,21.3667,74.25
Latur,Wheat,2640,56,11119,NGO,Rabi,2024,18.4088,76.5604
Osmanabad,Wheat,4419,50,31977,Private,Zaid,2023,18.1868,76.0419
Latur,Rice,832,326,31287,Private,Kharif,2024,18.4088,76.5604
Nagpur,Soybean,3003,317,16577,Private,Rabi,2024,21.1458,79.0882
Yavatmal,Maize,4689,436,34868,Cooperative,Zaid,2023,20.3893,78.1306
Amravati,Oilseeds,4596,253,11672,Cooperative,Rabi,2022,20.9374,77.7796
Jalgaon,Rice,1747,360,28169,Cooperative,Kharif,2023,21.0077,75.5626
Gadchiroli,Rice,349,14,26220,Cooperative,Zaid,2022,20.1868,80.192
Ahmednagar,Maize,4639,146,34502,Private,Zaid,2024,19.0948,74.7477
Ahmednagar,Soybean,4449,309,40149,Private,Kharif,2023,19.0948,74.7477
Hingoli,Wheat,1850,404,29766,Government,Rabi,2023,19.7191,77.148
Chandrapur,Oilseeds,2499,252,27698,NGO,Zaid,2024,19.9615,79.2961
Amravati,Rice,3852,139,1905,Government,Rabi,2024,20.9374,77.7796
Ratnagiri,Soybean,1386,21,17118,Private,Zaid,2022,16.9902,73.312
Mumbai,Maize,4816,291,25614,Private,Rabi,2022,19.076,72.8777
Hingoli,Pulses,4778,98,49747,Government,Zaid,2023,19.7191,77.148
Bhandara,Pulses,1428,414,26745,Government,Rabi,2022,21.1661,79.6526
Beed,Cotton,1868,238,47237,Cooperative,Kharif,2023,18.9891,75.7601
Nashik,Maize,1202,38,29583,Private,Rabi,2023,19.9975,73.7898
Ratnagiri,Maize,3214,335,31292,Government,Kharif,2022,16.9902,73.312
Nagpur,Oilseeds,3447,110,22627,Government,Kharif,2024,21.1458,79.0882
Sangli,Maize,375,388,23365,Private,Kharif,2024,16.8524,74.5815
Satara,Pulses,2976,207,48743,Cooperative,Kharif,2023,17.6805,74.0183
Latur,Maize,3508,305,49977,Government,Rabi,2024,18.4088,76.5604
Gondia,Cotton,3516,198,43365,Government,Rabi,2024,21.4597,80.199
Satara,Wheat,3713,288,8112,NGO,Rabi,2022,17.6805,74.0183
Chandrapur,Rice,1715,336,43238,Government,Zaid,2022,19.9615,79.2961
Sindhudurg,Soybean,4586,221,8641,Cooperative,Kharif,2023,16.1667,73.6667
Ahmednagar,Pulses,2641,110,30360,Private,Kharif,2024,19.0948,74.7477
Nandurbar,Wheat,4297,340,16044,Private,Kharif,2022,21.3667,74.25
Chandrapur,Cotton,2521,118,39980,NGO,Rabi,2022,19.9615,79.2961
Sindhudurg,Wheat,4597,467,3874,NGO,Rabi,2024,16.1667,73.6667
Sindhudurg,Maize,164,63,5247,NGO,Rabi,2023,16.1667,73.6667
Ahmednagar,Oilseeds,3942,47,44118,NGO,Rabi,2023,19.0948,74.7477
Gadchiroli,Cotton,714,32,23504,Cooperative,Zaid,2022,20.1868,80.192
Amravati,Maize,2614,347,32351,NGO,Zaid,2022,20.9374,77.7796
Dhule,Cotton,2903,68,49684,Private,Kharif,2022,20.9042,74.7749
Ahmednagar,Rice,4124,187,17988,Private,Kharif,2024,19.0948,74.7477
Ratnagiri,Cotton,2928,372,33477,Cooperative,Zaid,2024,16.9902,73.312
Parbhani,Cotton,2835,29,38099,Government,Zaid,2022,19.2704,76.7601
Nandurbar,Cotton,715,225,3974,Government,Kharif,2023,21.3667,74.25
Gadchiroli,Maize,1020,107,39953,Cooperative,Zaid,2022,20.1868,80.192
Kolhapur,Cotton,3146,194,33829,NGO,Zaid,2024,16.705,74.2433
Yavatmal,Rice,2526,229,16276,Private,Zaid,2024,20.3893,78.1306
Ratnagiri,Oilseeds,3938,111,2051,Government,Kharif,2022,16.9902,73.312
Chandrapur,Oilseeds,736,109,20882,Cooperative,Rabi,2023,19.9615,79.2961
Dhule,Oilseeds,4948,193,6957,Government,Zaid,2024,20.9042,74.7749
Gadchiroli,Wheat,3841,329,32892,Government,Kharif,2024,20.1868,80.192
Chandrapur,Soybean,3234,481,46478,NGO,Rabi,2022,19.9615,79.2961
Satara,Wheat,2494,439,12519,Cooperative,Kharif,2022,17.6805,74.0183
Nagpur,Maize,2157,275,11054,Cooperative,Rabi,2024,21.1458,79.0882
Nandurbar,Rice,1649,496,45217,NGO,Zaid,2023,21.3667,74.25
Latur,Wheat,1491,114,47650,NGO,Kharif,2022,18.4088,76.5604
Wardha,Rice,536,87,49635,Private,Zaid,2023,20.7453,78.6022
Hingoli,Cotton,1658,36,13826,Government,Kharif,2023,19.7191,77.148
Yavatmal,Soybean,128,303,5208,Cooperative,Kharif,2024,20.3893,78.1306
Gadchiroli,Oilseeds,1922,217,48397,NGO,Rabi,2022,20.1868,80.192
Palghar,Rice,4123,170,33457,Private,Zaid,2023,19.6964,72.7656
Parbhani,Maize,315,146,2916,Private,Kharif,2024,19.2704,76.7601
Raigad,Soybean,562,450,17324,NGO,Zaid,2024,18.5236,73.1365
Latur,Maize,669,252,29830,Private,Zaid,2024,18.4088,76.5604
Sangli,Rice,4097,449,11777,NGO,Rabi,2022,16.8524,74.5815
Nashik,Maize,1267,370,24830,Cooperative,Kharif,2023,19.9975,73.7898
Hingoli,Oilseeds,470,450,30441,Government,Rabi,2024,19.7191,77.148
Ahmednagar,Rice,174,330,43097,NGO,Zaid,2023,19.0948,74.7477
Bhandara,Soybean,4509,360,32746,Private,Rabi,2023,21.1661,79.6526
Gondia,Oilseeds,4453,123,48834,NGO,Zaid,2024,21.4597,80.199
Akola,Cotton,3510,30,33126,Cooperative,Zaid,2023,20.7096,77.0027
Wardha,Cotton,3674,476,22334,Cooperative,Kharif,2023,20.7453,78.6022
Hingoli,Soybean,3465,329,18708,Government,Rabi,2022,19.7191,77.148
Wardha,Cotton,4298,312,48378,Cooperative,Rabi,2024,20.7453,78.6022
Nashik,Soybean,4871,22,10356,NGO,Kharif,2023,19.9975,73.7898
Nagpur,Soybean,4434,219,11643,Government,Kharif,2024,21.1458,79.0882
Sangli,Cotton,2879,357,44118,NGO,Kharif,2022,16.8524,74.5815
Hingoli,Oilseeds,899,334,31027,NGO,Zaid,2022,19.7191,77.148
Gadchiroli,Rice,2482,419,11168,Cooperative,Kharif,2022,20.1868,80.192
Ratnagiri,Wheat,3914,160,47541,Government,Rabi,2024,16.9902,73.312
Nashik,Oilseeds,1891,368,25111,Government,Kharif,2022,19.9975,73.7898
Gadchiroli,Rice,1428,460,40730,NGO,Zaid,2024,20.1868,80.192
Raigad,Cotton,3293,110,14434,Cooperative,Kharif,2023,18.5236,73.1365
Palghar,Maize,3751,305,37087,Cooperative,Zaid,2022,19.6964,72.7656
Nanded,Maize,3778,485,33968,Private,Zaid,2023,19.1383,77.321
Nandurbar,Rice,1372,135,8998,NGO,Zaid,2022,21.3667,74.25
Nashik,Soybean,4462,428,29979,Cooperative,Kharif,2024,19.9975,73.7898
Sindhudurg,Rice,3553,178,45694,Cooperative,Zaid,2023,16.1667,73.6667
Nandurbar,Oilseeds,2600,465,15671,Private,Zaid,2024,21.3667,74.25
Hingoli,Rice,741,242,23165,Government,Kharif,2024,19.7191,77.148
Parbhani,Pulses,2441,428,39342,Government,Rabi,2022,19.2704,76.7601
Palghar,Wheat,2919,24,2453,Private,Rabi,2023,19.6964,72.7656
Gadchiroli,Cotton,793,297,37718,NGO,Zaid,2023,20.1868,80.192
Amravati,Cotton,1911,274,44474,Government,Zaid,2024,20.9374,77.7796
Parbhani,Rice,888,270,19331,NGO,Kharif,2023,19.2704,76.7601
Wardha,Wheat,2803,206,44778,NGO,Zaid,2022,20.7453,78.6022
Akola,Rice,4234,234,40586,Cooperative,Kharif,2024,20.7096,77.0027
Ratnagiri,Oilseeds,3229,276,29924,Government,Rabi,2023,16.9902,73.312
Satara,Oilseeds,905,439,30509,NGO,Kharif,2022,17.6805,74.0183
Bhandara,Soybean,3584,461,29923,NGO,Zaid,2022,21.1661,79.6526
Sangli,Pulses,317,137,10315,Private,Kharif,2023,16.8524,74.5815
Gondia,Rice,3165,157,6682,Cooperative,Kharif,2023,21.4597,80.199
Mumbai,Pulses,3154,241,25111,Government,Rabi,2024,19.076,72.8777
Gadchiroli,Maize,4616,458,5491,Government,Zaid,2023,20.1868,80.192
Sangli,Pulses,2063,110,23027,NGO,Zaid,2022,16.8524,74.5815
Kolhapur,Soybean,2148,201,3185,Government,Kharif,2023,16.705,74.2433
Osmanabad,Pulses,2831,296,30466,Cooperative,Rabi,2024,18.1868,76.0419
Hingoli,Pulses,1985,317,3144,Government,Zaid,2022,19.7191,77.148
Palghar,Rice,1224,494,32460,Cooperative,Zaid,2022,19.6964,72.7656
Ratnagiri,Oilseeds,3226,130,34982,Cooperative,Rabi,2024,16.9902,73.312
Gondia,Maize,4226,259,2665,Private,Kharif,2023,21.4597,80.199
Nanded,Pulses,469,442,18174,NGO,Zaid,2023,19.1383,77.321
Akola,Oilseeds,4370,177,39141,NGO,Zaid,2022,20.7096,77.0027
Latur,Maize,2493,232,48900,NGO,Kharif,2022,18.4088,76.5604
Wardha,Maize,4498,133,24350,Cooperative,Rabi,2024,20.7453,78.6022
Gondia,Oilseeds,678,488,39075,Government,Zaid,2022,21.4597,80.199
Hingoli,Pulses,4940,117,18326,Government,Kharif,2024,19.7191,77.148
Solapur,Soybean,2970,335,22384,NGO,Zaid,2024,17.6599,75.9064
Latur,Soybean,2571,29,48158,NGO,Kharif,2024,18.4088,76.5604
Chandrapur,Wheat,3563,83,14838,NGO,Kharif,2024,19.9615,79.2961
Akola,Rice,2030,455,1798,NGO,Rabi,2023,20.7096,77.0027
Beed,Cotton,2599,351,29337,Government,Kharif,2022,18.9891,75.7601
Ratnagiri,Rice,3269,331,13779,Cooperative,Zaid,2024,16.9902,73.312
Osmanabad,Pulses,3360,379,43981,Private,Zaid,2022,18.1868,76.0419
Mumbai,Oilseeds,3853,176,35253,Cooperative,Zaid,2022,19.076,72.8777
Nanded,Soybean,662,160,25625,Government,Rabi,2022,19.1383,77.321
Dhule,Cotton,1442,368,36801,Government,Kharif,2024,20.9042,74.7749
Bhandara,Soybean,1080,343,18729,Private,Rabi,2023,21.1661,79.6526
Raigad,Rice,2711,394,49260,Cooperative,Rabi,2022,18.5236,73.1365
Latur,Maize,3690,261,21114,NGO,Zaid,2022,18.4088,76.5604
Chandrapur,Rice,970,402,24543,Government,Kharif,2024,19.9615,79.2961
Dhule,Cotton,1170,138,25836,NGO,Zaid,2023,20.9042,74.7749
Jalgaon,Pulses,162,299,28038,Government,Rabi,2023,21.0077,75.5626
Raigad,Cotton,1685,346,45739,Government,Rabi,2023,18.5236,73.1365
Ratnagiri,Soybean,3951,311,17697,Cooperative,Rabi,2023,16.9902,73.312
Parbhani,Maize,3530,156,9509,Private,Rabi,2023,19.2704,76.7601
Nashik,Rice,696,10,36673,Government,Rabi,2024,19.9975,73.7898
Nashik,Cotton,798,222,44347,NGO,Kharif,2023,19.9975,73.7898
Raigad,Oilseeds,3344,398,1118,Government,Kharif,2023,18.5236,73.1365
Chandrapur,Wheat,1050,346,23944,Cooperative,Zaid,2023,19.9615,79.2961
Aurangabad,Oilseeds,2585,418,8414,Cooperative,Kharif,2022,19.8762,75.3433
Nashik,Cotton,4709,218,2966,Private,Zaid,2022,19.9975,73.7898
Wardha,Wheat,4784,107,29970,Private,Rabi,2024,20.7453,78.6022
Nagpur,Wheat,1047,271,28213,NGO,Rabi,2024,21.1458,79.0882
Wardha,Oilseeds,1597,332,18715,Government,Zaid,2022,20.7453,78.6022
Solapur,Rice,3861,486,39646,Government,Zaid,2023,17.6599,75.9064
Nashik,Pulses,2700,461,39622,Private,Kharif,2022,19.9975,73.7898
Parbhani,Pulses,3946,383,1658,Cooperative,Zaid,2023,19.2704,76.7601
Beed,Oilseeds,994,492,24060,Private,Rabi,2024,18.9891,75.7601
Yavatmal,Rice,249,445,43384,Private,Rabi,2024,20.3893,78.1306
Latur,Maize,3216,236,16050,Cooperative,Zaid,2024,18.4088,76.5604
Ahmednagar,Cotton,2245,364,22702,Government,Zaid,2024,19.0948,74.7477
Nanded,Pulses,1907,85,16425,Cooperative,Kharif,2024,19.1383,77.321
Beed,Pulses,1553,53,34118,Private,Zaid,2023,18.9891,75.7601
Wardha,Maize,2369,157,8388,Private,Zaid,2022,20.7453,78.6022
Bhandara,Maize,1401,498,37419,Private,Zaid,2024,21.1661,79.6526
Nandurbar,Oilseeds,3760,415,44557,Government,Kharif,2022,21.3667,74.25
Gondia,Wheat,4340,116,34981,Government,Kharif,2023,21.4597,80.199
Washim,Pulses,4825,487,11114,Cooperative,Rabi,2022,20.139,77.1025
Wardha,Oilseeds,4850,135,28883,Government,Rabi,2022,20.7453,78.6022
Ratnagiri,Wheat,2482,359,39881,Private,Zaid,2023,16.9902,73.312
Solapur,Maize,1513,82,27786,Private,Rabi,2024,17.6599,75.9064
Pune,Cotton,1836,219,3697,NGO,Rabi,2024,18.5204,73.8567
Nagpur,Soybean,2074,123,25764,Government,Rabi,2024,21.1458,79.0882
Jalgaon,Rice,2381,332,13778,Private,Zaid,2024,21.0077,75.5626
Satara,Soybean,480,319,43495,Government,Rabi,2024,17.6805,74.0183
Washim,Wheat,4833,51,15081,Private,Zaid,2022,20.139,77.1025
Osmanabad,Pulses,2735,204,9718,Government,Kharif,2022,18.1868,76.0419
Satara,Maize,2615,259,30956,NGO,Zaid,2022,17.6805,74.0183
Wardha,Cotton,1352,434,18904,Cooperative,Rabi,2023,20.7453,78.6022
Palghar,Oilseeds,1419,390,9249,NGO,Kharif,2024,19.6964,72.7656
Aurangabad,Wheat,1761,80,36386,Private,Kharif,2023,19.8762,75.3433
Ahmednagar,Wheat,2380,281,27875,Private,Rabi,2023,19.0948,74.7477
Dhule,Cotton,3268,186,18377,Cooperative,Kharif,2024,20.9042,74.7749
Gondia,Pulses,709,315,49778,NGO,Kharif,2024,21.4597,80.199
Sangli,Soybean,2992,366,22062,Private,Kharif,2022,16.8524,74.5815
Latur,Rice,366,421,13381,Government,Zaid,2024,18.4088,76.5604
Raigad,Soybean,3689,367,3815,Private,Zaid,2023,18.5236,73.1365
Parbhani,Pulses,1482,249,6472,Government,Rabi,2022,19.2704,76.7601
Sindhudurg,Wheat,3421,218,33875,NGO,Kharif,2022,16.1667,73.6667
Amravati,Wheat,1787,285,29238,NGO,Zaid,2023,20.9374,77.7796
Gondia,Pulses,4102,77,48377,Cooperative,Kharif,2022,21.4597,80.199
Latur,Maize,4988,46,30602,Private,Kharif,2024,18.4088,76.5604
Kolhapur,Oilseeds,4363,151,26286,Cooperative,Zaid,2024,16.705,74.2433
Raigad,Wheat,3975,347,32191,NGO,Zaid,2022,18.5236,73.1365
Wardha,Cotton,1743,316,25816,Private,Kharif,2023,20.7453,78.6022
Parbhani,Oilseeds,1409,49,35117,NGO,Zaid,2022,19.2704,76.7601
Kolhapur,Maize,2131,450,49525,Government,Zaid,2022,16.705,74.2433
Nandurbar,Rice,4083,340,27186,NGO,Rabi,2023,21.3667,74.25
Beed,Soybean,3783,368,30438,Cooperative,Rabi,2022,18.9891,75.7601
Akola,Rice,3496,422,28998,Cooperative,Zaid,2024,20.7096,77.0027
Jalgaon,Cotton,2884,349,8710,NGO,Kharif,2024,21.0077,75.5626
Osmanabad,Rice,1126,62,17310,Government,Kharif,2024,18.1868,76.0419
Bhandara,Pulses,4419,197,40148,Private,Kharif,2023,21.1661,79.6526
Raigad,Oilseeds,1672,201,14076,NGO,Zaid,2023,18.5236,73.1365
Gadchiroli,Wheat,2652,157,6196,NGO,Rabi,2022,20.1868,80.192
Osmanabad,Oilseeds,2426,465,4692,Private,Kharif,2023,18.1868,76.0419
Palghar,Cotton,1614,451,32059,Cooperative,Rabi,2023,19.6964,72.7656
Beed,Rice,4543,17,5435,Government,Zaid,2022,18.9891,75.7601
Nagpur,Rice,3097,225,27427,Private,Rabi,2023,21.1458,79.0882
Nashik,Rice,3988,354,42377,Private,Zaid,2023,19.9975,73.7898
Pune,Wheat,3696,112,16387,Government,Rabi,2024,18.5204,73.8567
Solapur,Rice,750,93,16182,Private,Kharif,2024,17.6599,75.9064
Washim,Rice,462,196,13067,NGO,Zaid,2024,20.139,77.1025
Washim,Cotton,1357,206,10807,Private,Kharif,2023,20.139,77.1025
Amravati,Rice,2710,393,33220,NGO,Rabi,2023,20.9374,77.7796
Nanded,Rice,4855,309,40999,Government,Rabi,2023,19.1383,77.321
Parbhani,Maize,4778,235,33826,Cooperative,Zaid,2024,19.2704,76.7601
Nandurbar,Cotton,4099,457,15842,Private,Rabi,2024,21.3667,74.25
Sindhudurg,Rice,4206,385,10733,NGO,Zaid,2024,16.1667,73.6667
Sangli,Pulses,2962,290,15168,Cooperative,Rabi,2022,16.8524,74.5815
Amravati,Oilseeds,4832,198,44153,NGO,Kharif,2024,20.9374,77.7796
Nagpur,Rice,119,157,27509,Cooperative,Rabi,2024,21.1458,79.0882
Palghar,Cotton,3158,425,21741,Private,Zaid,2022,19.6964,72.7656
Palghar,Soybean,1293,424,32244,Cooperative,Kharif,2023,19.6964,72.7656
Nanded,Soybean,4399,104,31975,Government,Kharif,2024,19.1383,77.321
Nagpur,Rice,179,265,43134,Cooperative,Kharif,2024,21.1458,79.0882
Osmanabad,Rice,4665,256,19703,NGO,Kharif,2024,18.1868,76.0419
Jalgaon,Pulses,3197,220,27475,Government,Kharif,2022,21.0077,75.5626
Chandrapur,Rice,2295,394,11596,Private,Rabi,2022,19.9615,79.2961
Sindhudurg,Cotton,1783,221,2065,NGO,Kharif,2023,16.1667,73.6667
Osmanabad,Soybean,1912,379,23735,Cooperative,Zaid,2022,18.1868,76.0419
Ratnagiri,Wheat,835,53,45582,Cooperative,Rabi,2024,16.9902,73.312
Nandurbar,Maize,4714,321,6412,Government,Rabi,2022,21.3667,74.25
Hingoli,Pulses,2131,233,10891,Private,Kharif,2022,19.7191,77.148
Nagpur,Rice,2859,487,4942,NGO,Zaid,2022,21.1458,79.0882
Bhandara,Rice,4152,47,4953,Government,Zaid,2022,21.1661,79.6526
Jalgaon,Cotton,798,380,22515,Government,Zaid,2024,21.0077,75.5626
Gondia,Wheat,4223,203,30940,Private,Zaid,2024,21.4597,80.199
Wardha,Oilseeds,4097,213,44205,Cooperative,Zaid,2022,20.7453,78.6022
Nanded,Soybean,1397,12,3018,Private,Rabi,2022,19.1383,77.321
Amravati,Wheat,963,359,23956,Government,Kharif,2022,20.9374,77.7796
Osmanabad,Wheat,1896,152,15757,NGO,Zaid,2023,18.1868,76.0419
Parbhani,Maize,4062,489,26566,Government,Zaid,2023,19.2704,76.7601
Nandurbar,Maize,286,304,9534,Private,Zaid,2023,21.3667,74.25
Aurangabad,Cotton,332,331,48797,NGO,Zaid,2024,19.8762,75.3433
Solapur,Pulses,1595,159,38034,Cooperative,Kharif,2024,17.6599,75.9064
Ratnagiri,Cotton,4466,25,24143,NGO,Rabi,2023,16.9902,73.312
Satara,Rice,4658,217,40823,NGO,Zaid,2022,17.6805,74.0183
Hingoli,Pulses,4813,298,44397,NGO,Rabi,2024,19.7191,77.148
Chandrapur,Soybean,230,405,14871,Private,Kharif,2023,19.9615,79.2961
Osmanabad,Rice,2146,457,39587,Government,Zaid,2024,18.1868,76.0419
Sangli,Oilseeds,4282,267,21630,Private,Rabi,2022,16.8524,74.5815
Parbhani,Cotton,3639,426,27468,Cooperative,Zaid,2024,19.2704,76.7601
Chandrapur,Soybean,4748,302,45891,Private,Zaid,2023,19.9615,79.2961
Ahmednagar,Wheat,2066,494,8259,Cooperative,Rabi,2022,19.0948,74.7477
Nashik,Pulses,4562,322,11984,Government,Kharif,2024,19.9975,73.7898
Palghar,Soybean,1529,72,46983,Government,Rabi,2022,19.6964,72.7656
Gondia,Soybean,4072,199,28502,Private,Kharif,2024,21.4597,80.199
Solapur,Cotton,3935,399,16475,Private,Rabi,2024,17.6599,75.9064
Nagpur,Cotton,2140,164,23025,Cooperative,Zaid,2023,21.1458,79.0882
Sindhudurg,Cotton,1680,269,31892,Government,Kharif,2022,16.1667,73.6667
Akola,Pulses,2580,362,49060,NGO,Rabi,2024,20.7096,77.0027
Sangli,Oilseeds,2106,208,17931,Government,Zaid,2023,16.8524,74.5815
Jalgaon,Pulses,2486,70,17446,Private,Kharif,2024,21.0077,75.5626
Aurangabad,Soybean,3876,360,48041,Cooperative,Rabi,2022,19.8762,75.3433
Gondia,Oilseeds,1557,207,12848,Private,Rabi,2022,21.4597,80.199
Hingoli,Cotton,2776,112,16228,Private,Zaid,2024,19.7191,77.148
Yavatmal,Cotton,4269,49,1282,Government,Kharif,2022,20.3893,78.1306
Gadchiroli,Pulses,4377,263,10949,Private,Kharif,2023,20.1868,80.192
Kolhapur,Pulses,998,136,45491,Government,Zaid,2024,16.705,74.2433
Dhule,Soybean,1722,29,43528,Government,Kharif,2024,20.9042,74.7749
Satara,Maize,879,189,5163,Government,Rabi,2024,17.6805,74.0183
Wardha,Maize,1823,229,10857,Government,Kharif,2023,20.7453,78.6022
Solapur,Wheat,210,119,41897,NGO,Zaid,2022,17.6599,75.9064
Satara,Maize,1449,455,24276,Private,Zaid,2023,17.6805,74.0183
Bhandara,Wheat,1637,115,45219,Private,Kharif,2022,21.1661,79.6526
Dhule,Pulses,4870,22,12274,NGO,Rabi,2022,20.9042,74.7749
Amravati,Wheat,3496,296,47223,Private,Rabi,2023,20.9374,77.7796
Latur,Pulses,1372,352,4266,Private,Rabi,2022,18.4088,76.5604
Amravati,Pulses,461,127,21615,Government,Zaid,2024,20.9374,77.7796
Ratnagiri,Oilseeds,555,302,23373,Private,Rabi,2022,16.9902,73.312
Gondia,Soybean,1204,313,2961,Private,Rabi,2023,21.4597,80.199
Aurangabad,Oilseeds,4554,174,20070,Government,Kharif,2023,19.8762,75.3433
Nandurbar,Rice,1423,469,19583,Cooperative,Rabi,2023,21.3667,74.25
Sindhudurg,Soybean,4905,289,38562,Private,Rabi,2024,16.1667,73.6667
Satara,Pulses,3217,483,37293,Cooperative,Kharif,2022,17.6805,74.0183
Parbhani,Maize,1595,184,17397,Government,Zaid,2022,19.2704,76.7601
Gadchiroli,Wheat,3746,155,8442,NGO,Kharif,2024,20.1868,80.192
Amravati,Pulses,4700,396,27669,Government,Rabi,2022,20.9374,77.7796
Chandrapur,Oilseeds,4610,449,15937,NGO,Rabi,2022,19.9615,79.2961
Nagpur,Soybean,1889,48,2897,NGO,Zaid,2023,21.1458,79.0882
Kolhapur,Soybean,932,355,34730,Cooperative,Zaid,2024,16.705,74.2433
Beed,Oilseeds,4223,121,48153,Private,Kharif,2023,18.9891,75.7601
Latur,Wheat,1137,118,25151,Government,Kharif,2022,18.4088,76.5604
Hingoli,Rice,2837,108,19298,Private,Rabi,2024,19.7191,77.148
Sindhudurg,Cotton,3617,15,48207,NGO,Kharif,2023,16.1667,73.6667
Sangli,Rice,3080,375,14192,Private,Zaid,2024,16.8524,74.5815
Raigad,Oilseeds,3643,244,22074,NGO,Rabi,2024,18.5236,73.1365
Ahmednagar,Oilseeds,4567,161,5612,Private,Kharif,2023,19.0948,74.7477
Raigad,Pulses,4949,54,39800,Private,Kharif,2024,18.5236,73.1365
Sindhudurg,Maize,4761,227,33583,Private,Rabi,2024,16.1667,73.6667
Palghar,Maize,952,11,42705,Private,Zaid,2023,19.6964,72.7656
Chandrapur,Soybean,2390,360,10371,Private,Zaid,2023,19.9615,79.2961
Gadchiroli,Soybean,2185,352,11037,Government,Kharif,2023,20.1868,80.192
Hingoli,Rice,131,137,20732,Private,Rabi,2023,19.7191,77.148
Chandrapur,Pulses,1690,140,35928,Cooperative,Zaid,2024,19.9615,79.2961
Latur,Cotton,473,13,35487,NGO,Kharif,2022,18.4088,76.5604
Jalgaon,Pulses,3784,235,27651,Cooperative,Rabi,2022,21.0077,75.5626
Beed,Oilseeds,4127,206,26926,Cooperative,Zaid,2022,18.9891,75.7601
Chandrapur,Rice,490,218,28454,Private,Rabi,2022,19.9615,79.2961
Aurangabad,Soybean,1836,87,43643,NGO,Zaid,2023,19.8762,75.3433
Ahmednagar,Maize,4336,490,42535,Private,Rabi,2024,19.0948,74.7477
Ahmednagar,Rice,4229,340,43688,Cooperative,Rabi,2023,19.0948,74.7477
Hingoli,Rice,4032,246,2030,Government,Kharif,2024,19.7191,77.148
Washim,Maize,1985,175,22384,Private,Kharif,2024,20.139,77.1025
Sindhudurg,Pulses,452,228,30591,Cooperative,Zaid,2024,16.1667,73.6667
Nashik,Oilseeds,1062,122,38259,NGO,Rabi,2022,19.9975,73.7898
Ahmednagar,Wheat,4072,292,20425,Government,Kharif,2023,19.0948,74.7477
Nanded,Maize,4759,283,21995,Private,Kharif,2024,19.1383,77.321
Nandurbar,Rice,289,224,16896,NGO,Rabi,2022,21.3667,74.25
Jalgaon,Pulses,1612,155,8234,Government,Zaid,2022,21.0077,75.5626
Ratnagiri,Pulses,746,27,15336,NGO,Zaid,2022,16.9902,73.312
Ratnagiri,Oilseeds,2097,340,10580,NGO,Rabi,2024,16.9902,73.312
Aurangabad,Rice,2853,454,25535,NGO,Kharif,2023,19.8762,75.3433
Osmanabad,Rice,2029,111,41116,Government,Rabi,2022,18.1868,76.0419
Dhule,Oilseeds,988,335,21389,Cooperative,Rabi,2022,20.9042,74.7749
Nagpur,Soybean,708,190,27792,NGO,Kharif,2023,21.1458,79.0882
Nanded,Soybean,2941,152,2401,NGO,Rabi,2023,19.1383,77.321
Bhandara,Wheat,4183,59,48893,NGO,Zaid,2023,21.1661,79.6526
Gondia,Pulses,1359,107,26064,Private,Rabi,2024,21.4597,80.199
Yavatmal,Maize,3308,405,46845,Private,Rabi,2022,20.3893,78.1306
Latur,Maize,2935,204,49547,Government,Rabi,2024,18.4088,76.5604
Parbhani,Oilseeds,4557,220,32469,NGO,Zaid,2023,19.2704,76.7601
Parbhani,Wheat,4686,448,25969,Private,Rabi,2024,19.2704,76.7601
Nandurbar,Wheat,378,478,47110,Private,Rabi,2022,21.3667,74.25
Solapur,Soybean,2763,195,48118,Cooperative,Zaid,2023,17.6599,75.9064
Osmanabad,Soybean,3393,435,4050,Cooperative,Rabi,2023,18.1868,76.0419
Yavatmal,Maize,2752,96,7276,Private,Rabi,2024,20.3893,78.1306
Ratnagiri,Rice,4846,229,24102,Cooperative,Zaid,2023,16.9902,73.312
Nagpur,Wheat,3438,487,28299,Private,Rabi,2023,21.1458,79.0882
Hingoli,Soybean,3673,97,5204,Cooperative,Zaid,2023,19.7191,77.148
Solapur,Soybean,1252,273,2146,Government,Kharif,2022,17.6599,75.9064
Palghar,Maize,2722,126,25787,Private,Zaid,2023,19.6964,72.7656
Osmanabad,Soybean,3975,360,43633,NGO,Kharif,2023,18.1868,76.0419
Akola,Soybean,3562,263,45587,Private,Zaid,2023,20.7096,77.0027
Bhandara,Wheat,3340,293,43618,Government,Kharif,2024,21.1661,79.6526
Solapur,Cotton,1509,104,32185,Private,Kharif,2022,17.6599,75.9064
Beed,Wheat,4194,90,28005,Private,Rabi,2022,18.9891,75.7601
Nandurbar,Soybean,1001,368,19467,Government,Zaid,2023,21.3667,74.25
Nandurbar,Rice,3095,59,34211,Private,Zaid,2024,21.3667,74.25
Beed,Rice,3183,253,23953,Cooperative,Rabi,2023,18.9891,75.7601
Washim,Cotton,4443,378,33952,NGO,Rabi,2024,20.139,77.1025
Amravati,Wheat,1288,277,6850,NGO,Zaid,2024,20.9374,77.7796
Hingoli,Pulses,3368,242,16869,NGO,Rabi,2023,19.7191,77.148
Bhandara,Rice,4212,60,27293,Cooperative,Kharif,2023,21.1661,79.6526
Hingoli,Pulses,2805,185,27261,Cooperative,Rabi,2022,19.7191,77.148
Amravati,Oilseeds,3243,60,13472,Government,Rabi,2022,20.9374,77.7796
Hingoli,Rice,3554,270,16886,Cooperative,Zaid,2022,19.7191,77.148
Dhule,Soybean,3942,11,20349,Private,Rabi,2022,20.9042,74.7749
Bhandara,Oilseeds,2089,42,13710,Private,Rabi,2022,21.1661,79.6526
Chandrapur,Cotton,4608,303,32080,Cooperative,Kharif,2024,19.9615,79.2961
Ratnagiri,Cotton,3304,235,17815,Cooperative,Rabi,2022,16.9902,73.312
Osmanabad,Pulses,3490,31,2490,NGO,Zaid,2023,18.1868,76.0419
Jalgaon,Pulses,2795,203,43579,NGO,Kharif,2024,21.0077,75.5626
Ahmednagar,Maize,3354,58,45004,Private,Kharif,2023,19.0948,74.7477
Solapur,Wheat,1368,39,22459,NGO,Zaid,2024,17.6599,75.9064
Raigad,Rice,1900,377,33347,Government,Zaid,2022,18.5236,73.1365
Kolhapur,Rice,4808,421,34457,Government,Kharif,2023,16.705,74.2433
Akola,Rice,1581,378,46065,Government,Rabi,2023,20.7096,77.0027
Latur,Rice,3275,467,15188,Cooperative,Kharif,2024,18.4088,76.5604
Beed,Oilseeds,2105,179,2288,Cooperative,Kharif,2024,18.9891,75.7601
Hingoli,Rice,4038,446,22148,Government,Rabi,2022,19.7191,77.148
Sangli,Wheat,346,257,22801,Private,Kharif,2024,16.8524,74.5815
Nandurbar,Rice,4753,384,11522,Government,Zaid,2022,21.3667,74.25
Chandrapur,Wheat,2457,214,12047,Cooperative,Kharif,2022,19.9615,79.2961
Nashik,Pulses,2052,138,9541,Cooperative,Rabi,2022,19.9975,73.7898
Sindhudurg,Oilseeds,4239,19,29686,Cooperative,Kharif,2022,16.1667,73.6667
Yavatmal,Cotton,2784,317,11428,NGO,Kharif,2023,20.3893,78.1306
Sangli,Cotton,1464,160,2055,Cooperative,Zaid,2024,16.8524,74.5815
Solapur,Pulses,538,329,30224,Cooperative,Kharif,2024,17.6599,75.9064
Osmanabad,Cotton,195,239,16708,NGO,Zaid,2022,18.1868,76.0419
Jalgaon,Soybean,2274,166,33204,Private,Zaid,2023,21.0077,75.5626
Wardha,Wheat,2779,84,45963,Government,Rabi,2022,20.7453,78.6022
Washim,Pulses,1130,464,3000,Private,Zaid,2022,20.139,77.1025
Amravati,Cotton,3996,48,45300,Private,Rabi,2022,20.9374,77.7796
Osmanabad,Soybean,197,429,37176,Cooperative,Rabi,2022,18.1868,76.0419
Nagpur,Rice,4851,392,23168,Government,Zaid,2024,21.1458,79.0882
Nagpur,Wheat,805,475,47243,Cooperative,Rabi,2023,21.1458,79.0882
Satara,Oilseeds,2480,136,10181,Cooperative,Kharif,2024,17.6805,74.0183
Osmanabad,Rice,1121,250,38853,NGO,Rabi,2023,18.1868,76.0419
Bhandara,Maize,3061,156,47610,Cooperative,Zaid,2023,21.1661,79.6526
Nagpur,Wheat,2688,297,38857,Private,Zaid,2023,21.1458,79.0882
Chandrapur,Cotton,1739,338,44166,Government,Rabi,2024,19.9615,79.2961
Kolhapur,Oilseeds,2715,101,47232,NGO,Kharif,2022,16.705,74.2433
Osmanabad,Pulses,3640,154,44966,Government,Zaid,2024,18.1868,76.0419
Nashik,Wheat,184,31,22159,Private,Rabi,2023,19.9975,73.7898
Sindhudurg,Oilseeds,684,165,26155,Government,Zaid,2024,16.1667,73.6667
Satara,Rice,1989,232,2282,Cooperative,Rabi,2024,17.6805,74.0183
Dhule,Pulses,2189,280,11568,Private,Zaid,2024,20.9042,74.7749
Raigad,Maize,1299,348,43972,Government,Kharif,2023,18.5236,73.1365
Satara,Maize,263,491,41010,NGO,Rabi,2024,17.6805,74.0183
Latur,Wheat,1924,274,19150,Private,Rabi,2023,18.4088,76.5604
Ahmednagar,Wheat,457,305,38513,NGO,Kharif,2022,19.0948,74.7477
Osmanabad,Oilseeds,1656,136,33175,Cooperative,Rabi,2022,18.1868,76.0419
Nagpur,Wheat,663,117,48299,Government,Rabi,2023,21.1458,79.0882
Nandurbar,Soybean,1032,169,24482,Government,Kharif,2022,21.3667,74.25
Solapur,Pulses,3156,135,17591,Government,Zaid,2022,17.6599,75.9064
Wardha,Pulses,4116,112,33543,Cooperative,Kharif,2022,20.7453,78.6022
Aurangabad,Maize,836,26,42676,Private,Zaid,2024,19.8762,75.3433
Gondia,Wheat,887,269,41501,Government,Rabi,2024,21.4597,80.199
Satara,Soybean,4458,105,29532,Cooperative,Kharif,2023,17.6805,74.0183
Jalgaon,Cotton,3980,469,26432,Cooperative,Zaid,2024,21.0077,75.5626
Sindhudurg,Pulses,1248,259,29554,NGO,Zaid,2022,16.1667,73.6667
Yavatmal,Maize,1710,75,23081,Private,Zaid,2022,20.3893,78.1306
Palghar,Soybean,1813,125,10572,NGO,Kharif,2022,19.6964,72.7656
Yavatmal,Pulses,4589,310,16489,Cooperative,Kharif,2024,20.3893,78.1306
Yavatmal,Pulses,1093,289,16558,NGO,Zaid,2023,20.3893,78.1306
Kolhapur,Soybean,4695,38,22731,Government,Kharif,2024,16.705,74.2433
Gondia,Pulses,4330,20,38721,Government,Zaid,2024,21.4597,80.199
Aurangabad,Wheat,3908,222,34573,NGO,Rabi,2022,19.8762,75.3433
Gadchiroli,Wheat,4633,141,39570,Government,Kharif,2024,20.1868,80.192
Chandrapur,Wheat,3830,249,49444,Cooperative,Zaid,2024,19.9615,79.2961
Sindhudurg,Maize,4293,261,6225,NGO,Kharif,2022,16.1667,73.6667
Solapur,Pulses,340,234,37032,NGO,Kharif,2023,17.6599,75.9064
Chandrapur,Wheat,1959,337,26475,Cooperative,Kharif,2023,19.9615,79.2961
Washim,Soybean,1053,441,43173,Private,Zaid,2023,20.139,77.1025
Jalgaon,Maize,4878,331,24429,NGO,Rabi,2023,21.0077,75.5626
Ahmednagar,Wheat,4652,104,2626,Government,Kharif,2022,19.0948,74.7477
Nanded,Soybean,4172,263,27669,NGO,Zaid,2023,19.1383,77.321
Gondia,Rice,1819,324,35139,Cooperative,Kharif,2022,21.4597,80.199
Ahmednagar,Wheat,2860,351,47175,Private,Kharif,2022,19.0948,74.7477
Beed,Rice,1022,390,29244,NGO,Zaid,2023,18.9891,75.7601
Dhule,Maize,4408,409,14151,Government,Rabi,2024,20.9042,74.7749
Beed,Oilseeds,3702,436,40510,NGO,Rabi,2022,18.9891,75.7601
Dhule,Wheat,1651,255,35095,NGO,Rabi,2024,20.9042,74.7749
Nandurbar,Pulses,1394,95,21701,NGO,Kharif,2022,21.3667,74.25
Sangli,Cotton,3162,301,49518,Government,Kharif,2022,16.8524,74.5815
Osmanabad,Wheat,3841,129,42717,Cooperative,Zaid,2022,18.1868,76.0419
Wardha,Pulses,2231,133,14297,Private,Zaid,2022,20.7453,78.6022
Pune,Soybean,4607,175,25204,Government,Rabi,2022,18.5204,73.8567
Chandrapur,Oilseeds,412,373,33505,NGO,Kharif,2023,19.9615,79.2961
Palghar,Maize,107,484,34560,Private,Kharif,2024,19.6964,72.7656
Hingoli,Soybean,4510,251,43075,Cooperative,Rabi,2023,19.7191,77.148
Jalgaon,Rice,772,223,21625,Government,Kharif,2023,21.0077,75.5626
Ahmednagar,Soybean,1382,315,1933,Government,Zaid,2022,19.0948,74.7477
Jalgaon,Wheat,2368,328,19900,Government,Rabi,2023,21.0077,75.5626
Yavatmal,Cotton,1154,280,17186,Cooperative,Rabi,2022,20.3893,78.1306
Gadchiroli,Oilseeds,1676,335,1122,Private,Zaid,2023,20.1868,80.192
Parbhani,Oilseeds,4274,452,30314,NGO,Rabi,2022,19.2704,76.7601
Satara,Rice,434,333,29477,Cooperative,Zaid,2023,17.6805,74.0183
Yavatmal,Rice,1178,315,46909,Cooperative,Kharif,2022,20.3893,78.1306
Aurangabad,Rice,2434,98,12574,Private,Zaid,2022,19.8762,75.3433
Wardha,Pulses,2413,466,41250,Private,Rabi,2024,20.7453,78.6022
Amravati,Pulses,3183,436,21481,Government,Zaid,2023,20.9374,77.7796
Ratnagiri,Wheat,2461,301,6687,Private,Rabi,2023,16.9902,73.312
Solapur,Rice,1465,48,4309,Cooperative,Zaid,2023,17.6599,75.9064
Osmanabad,Wheat,4788,15,26814,NGO,Kharif,2022,18.1868,76.0419
Pune,Wheat,2642,355,25725,Private,Rabi,2023,18.5204,73.8567
Mumbai,Maize,1317,246,44073,Private,Rabi,2024,19.076,72.8777
Ahmednagar,Maize,4106,370,47049,Private,Zaid,2023,19.0948,74.7477
Sindhudurg,Cotton,4811,169,28841,Private,Kharif,2023,16.1667,73.6667
Sangli,Cotton,330,92,20459,Government,Rabi,2023,16.8524,74.5815
Gadchiroli,Maize,3677,62,16674,Cooperative,Zaid,2022,20.1868,80.192
Sindhudurg,Rice,3700,338,39879,Cooperative,Zaid,2024,16.1667,73.6667
Latur,Maize,2155,392,4054,Government,Kharif,2022,18.4088,76.5604
Kolhapur,Wheat,1174,103,28020,Private,Rabi,2023,16.705,74.2433
Nanded,Cotton,2703,80,11758,Cooperative,Rabi,2023,19.1383,77.321
Palghar,Oilseeds,4248,70,38181,NGO,Zaid,2022,19.6964,72.7656
Aurangabad,Pulses,660,151,27068,Government,Rabi,2023,19.8762,75.3433
Aurangabad,Oilseeds,463,37,24504,Cooperative,Rabi,2023,19.8762,75.3433
Pune,Cotton,4696,399,3248,Cooperative,Zaid,2024,18.5204,73.8567
Pune,Maize,3905,481,25764,Cooperative,Kharif,2022,18.5204,73.8567
Solapur,Maize,2414,129,13199,Government,Rabi,2024,17.6599,75.9064
Sindhudurg,Maize,4034,176,2105,NGO,Kharif,2023,16.1667,73.6667
Osmanabad,Rice,2398,395,37693,NGO,Rabi,2024,18.1868,76.0419
Osmanabad,Maize,4642,284,2393,Cooperative,Rabi,2023,18.1868,76.0419
Nagpur,Wheat,4321,297,23040,Private,Zaid,2024,21.1458,79.0882
Parbhani,Pulses,4278,69,38826,Cooperative,Rabi,2022,19.2704,76.7601
Nanded,Wheat,1448,20,34400,Government,Rabi,2024,19.1383,77.321
Gadchiroli,Oilseeds,3029,262,47305,NGO,Rabi,2023,20.1868,80.192
Wardha,Cotton,1655,123,7184,Private,Rabi,2023,20.7453,78.6022
Raigad,Pulses,2903,386,28265,NGO,Kharif,2024,18.5236,73.1365
Osmanabad,Rice,2466,168,20601,Cooperative,Kharif,2023,18.1868,76.0419
Sindhudurg,Maize,2103,305,21020,Cooperative,Rabi,2023,16.1667,73.6667
Palghar,Maize,841,435,23920,NGO,Rabi,2022,19.6964,72.7656
Osmanabad,Pulses,299,260,1010,NGO,Kharif,2023,18.1868,76.0419
Solapur,Oilseeds,2772,140,41106,Private,Kharif,2022,17.6599,75.9064
Hingoli,Soybean,4362,156,15455,Private,Kharif,2023,19.7191,77.148
Bhandara,Maize,3179,291,23547,Private,Kharif,2024,21.1661,79.6526
Solapur,Wheat,3340,338,11575,NGO,Rabi,2024,17.6599,75.9064
Yavatmal,Soybean,4395,234,38084,Cooperative,Kharif,2023,20.3893,78.1306
Dhule,Rice,3888,480,44030,Private,Kharif,2022,20.9042,74.7749
Sangli,Maize,4203,427,31464,Government,Zaid,2022,16.8524,74.5815
Beed,Soybean,641,440,26894,Cooperative,Rabi,2022,18.9891,75.7601
Dhule,Cotton,3504,291,48905,NGO,Zaid,2024,20.9042,74.7749
Sangli,Maize,4397,348,23344,Cooperative,Kharif,2022,16.8524,74.5815
Sindhudurg,Wheat,4245,462,12357,NGO,Kharif,2022,16.1667,73.6667
Aurangabad,Cotton,1990,65,40654,NGO,Kharif,2022,19.8762,75.3433
Latur,Oilseeds,1065,426,6433,Cooperative,Zaid,2022,18.4088,76.5604
Nanded,Oilseeds,2887,50,17908,Government,Kharif,2023,19.1383,77.321
Jalgaon,Maize,3357,446,23539,Private,Kharif,2022,21.0077,75.5626
Latur,Cotton,1884,376,10301,Government,Zaid,2023,18.4088,76.5604
Beed,Oilseeds,1190,394,15660,Cooperative,Kharif,2024,18.9891,75.7601
Pune,Soybean,1928,32,25437,Private,Kharif,2023,18.5204,73.8567
Nanded,Soybean,1250,449,4830,NGO,Rabi,2023,19.1383,77.321
Wardha,Wheat,3020,443,28551,NGO,Rabi,2023,20.7453,78.6022
Pune,Wheat,2278,48,39963,Cooperative,Rabi,2024,18.5204,73.8567
Mumbai,Oilseeds,852,392,19290,Private,Zaid,2024,19.076,72.8777
Jalgaon,Oilseeds,647,34,37199,NGO,Zaid,2022,21.0077,75.5626
Gondia,Soybean,3160,260,37137,Government,Zaid,2024,21.4597,80.199
Yavatmal,Oilseeds,4986,109,32476,Private,Zaid,2024,20.3893,78.1306
Wardha,Cotton,3615,460,41472,Private,Rabi,2022,20.7453,78.6022
Aurangabad,Wheat,2692,27,3923,NGO,Zaid,2023,19.8762,75.3433
Dhule,Pulses,2110,145,43261,Cooperative,Rabi,2024,20.9042,74.7749
Wardha,Pulses,4793,180,16436,NGO,Zaid,2023,20.7453,78.6022
Ratnagiri,Maize,1792,376,17106,Government,Kharif,2024,16.9902,73.312
Raigad,Pulses,142,136,33557,Cooperative,Rabi,2022,18.5236,73.1365
Ratnagiri,Soybean,2651,25,2422,Private,Kharif,2022,16.9902,73.312
Kolhapur,Maize,1203,167,15567,Cooperative,Kharif,2022,16.705,74.2433
Nagpur,Maize,1867,439,23566,Cooperative,Kharif,2024,21.1458,79.0882
Nandurbar,Wheat,1597,178,18976,NGO,Zaid,2024,21.3667,74.25
Parbhani,Pulses,3841,311,23337,NGO,Zaid,2022,19.2704,76.7601
Gondia,Maize,753,11,47889,Government,Kharif,2024,21.4597,80.199
Osmanabad,Rice,3342,341,26976,Cooperative,Kharif,2024,18.1868,76.0419
Ahmednagar,Pulses,1393,104,33365,Private,Kharif,2024,19.0948,74.7477
Nanded,Soybean,3598,298,16943,Government,Kharif,2024,19.1383,77.321
Nandurbar,Wheat,1659,293,40453,Cooperative,Kharif,2023,21.3667,74.25
Palghar,Cotton,3214,305,10273,Cooperative,Zaid,2022,19.6964,72.7656
Osmanabad,Soybean,2168,248,1551,Cooperative,Rabi,2023,18.1868,76.0419
Mumbai,Maize,4606,121,29727,Private,Rabi,2022,19.076,72.8777
Nandurbar,Pulses,2398,215,47047,NGO,Zaid,2022,21.3667,74.25
Kolhapur,Pulses,969,72,46970,Private,Zaid,2022,16.705,74.2433
Nandurbar,Wheat,3990,107,21460,Government,Zaid,2023,21.3667,74.25
Nagpur,Pulses,3309,94,36802,Cooperative,Kharif,2024,21.1458,79.0882
Aurangabad,Maize,1619,216,42021,Government,Rabi,2023,19.8762,75.3433
Nandurbar,Cotton,1390,32,44195,Private,Kharif,2022,21.3667,74.25
Gadchiroli,Soybean,4351,368,43759,Private,Zaid,2024,20.1868,80.192
Palghar,Soybean,2923,335,32493,Cooperative,Kharif,2023,19.6964,72.7656
Akola,Cotton,751,374,25439,Government,Kharif,2024,20.7096,77.0027
Kolhapur,Oilseeds,2494,36,8268,Private,Zaid,2024,16.705,74.2433
Parbhani,Oilseeds,1144,387,26926,Cooperative,Rabi,2023,19.2704,76.7601
Chandrapur,Maize,817,390,8306,NGO,Zaid,2024,19.9615,79.2961
Hingoli,Soybean,4368,54,47174,Private,Zaid,2022,19.7191,77.148
Raigad,Maize,2118,475,1544,Cooperative,Zaid,2022,18.5236,73.1365
Osmanabad,Wheat,4817,87,36956,NGO,Kharif,2023,18.1868,76.0419
Satara,Oilseeds,453,139,23719,Government,Kharif,2023,17.6805,74.0183
Jalgaon,Pulses,2373,460,34013,Cooperative,Rabi,2022,21.0077,75.5626
Parbhani,Pulses,802,83,47427,NGO,Rabi,2022,19.2704,76.7601
Palghar,Wheat,4878,144,48354,NGO,Zaid,2022,19.6964,72.7656
Wardha,Oilseeds,3798,467,14060,NGO,Rabi,2023,20.7453,78.6022
Raigad,Pulses,2288,405,20949,NGO,Kharif,2022,18.5236,73.1365
Nanded,Rice,4257,383,40949,Private,Kharif,2022,19.1383,77.321
Nagpur,Maize,3023,318,19984,Private,Rabi,2022,21.1458,79.0882
Raigad,Oilseeds,2504,66,23056,Cooperative,Kharif,2023,18.5236,73.1365
Aurangabad,Maize,3083,494,28408,Cooperative,Rabi,2023,19.8762,75.3433
Ahmednagar,Wheat,4238,427,24777,Private,Zaid,2023,19.0948,74.7477
Amravati,Oilseeds,895,213,3600,Private,Zaid,2023,20.9374,77.7796
Osmanabad,Soybean,2764,189,26831,Cooperative,Rabi,2022,18.1868,76.0419
Sindhudurg,Rice,396,332,46727,NGO,Zaid,2022,16.1667,73.6667
Palghar,Rice,254,452,37694,Cooperative,Zaid,2022,19.6964,72.7656
Ratnagiri,Pulses,4374,51,34604,Government,Kharif,2022,16.9902,73.312
Gondia,Rice,2220,274,38216,Government,Kharif,2022,21.4597,80.199
Sangli,Maize,3288,79,47211,Cooperative,Rabi,2023,16.8524,74.5815
Kolhapur,Wheat,340,127,6943,Cooperative,Kharif,2022,16.705,74.2433
Raigad,Oilseeds,2589,31,7491,NGO,Rabi,2022,18.5236,73.1365
Ahmednagar,Pulses,485,486,1551,Government,Kharif,2022,19.0948,74.7477
Satara,Rice,4710,11,15748,Private,Kharif,2022,17.6805,74.0183
Nandurbar,Cotton,2461,301,13713,Private,Rabi,2023,21.3667,74.25
Gadchiroli,Pulses,2778,181,11771,Government,Zaid,2023,20.1868,80.192
Sangli,Pulses,1889,326,4231,Government,Zaid,2023,16.8524,74.5815
Aurangabad,Oilseeds,3908,117,39235,Government,Rabi,2024,19.8762,75.3433
Gadchiroli,Rice,3989,20,3008,Cooperative,Rabi,2022,20.1868,80.192
Solapur,Cotton,1586,483,45136,Government,Kharif,2023,17.6599,75.9064
Ratnagiri,Cotton,2068,491,24474,Private,Kharif,2022,16.9902,73.312
Raigad,Oilseeds,451,23,32626,Cooperative,Zaid,2024,18.5236,73.1365
Jalgaon,Pulses,3439,482,3855,NGO,Zaid,2024,21.0077,75.5626
Yavatmal,Soybean,4639,294,29532,NGO,Rabi,2023,20.3893,78.1306
Jalgaon,Pulses,4513,107,18385,Cooperative,Zaid,2024,21.0077,75.5626
Nandurbar,Wheat,1464,127,18670,Government,Kharif,2023,21.3667,74.25
Satara,Oilseeds,4094,302,43217,Government,Zaid,2022,17.6805,74.0183
Wardha,Maize,2104,490,45707,Cooperative,Rabi,2024,20.7453,78.6022
Amravati,Cotton,156,235,3143,NGO,Rabi,2023,20.9374,77.7796
Osmanabad,Rice,680,485,7601,Private,Rabi,2023,18.1868,76.0419
Ratnagiri,Cotton,3254,342,21028,Government,Zaid,2022,16.9902,73.312
Gondia,Rice,2656,129,38756,Government,Rabi,2024,21.4597,80.199
Gadchiroli,Pulses,2986,77,30425,Private,Kharif,2023,20.1868,80.192
Palghar,Rice,1712,317,21667,Private,Kharif,2023,19.6964,72.7656
Solapur,Wheat,900,238,28740,Government,Rabi,2022,17.6599,75.9064
Latur,Cotton,3113,323,47229,NGO,Zaid,2022,18.4088,76.5604
Palghar,Maize,180,142,11166,Government,Zaid,2023,19.6964,72.7656
Nashik,Pulses,4072,336,34565,Cooperative,Rabi,2022,19.9975,73.7898
Kolhapur,Cotton,118,129,15276,NGO,Rabi,2024,16.705,74.2433
Chandrapur,Maize,638,274,41376,NGO,Zaid,2022,19.9615,79.2961
Nashik,Maize,1105,263,42140,NGO,Zaid,2024,19.9975,73.7898
Latur,Wheat,2283,181,38964,NGO,Rabi,2022,18.4088,76.5604
Dhule,Pulses,3631,361,18210,NGO,Rabi,2022,20.9042,74.7749
Raigad,Maize,1304,182,20070,NGO,Rabi,2024,18.5236,73.1365
Sangli,Wheat,3361,208,7203,Government,Zaid,2022,16.8524,74.5815
Chandrapur,Oilseeds,3292,51,9542,NGO,Kharif,2024,19.9615,79.2961
Chandrapur,Wheat,4322,116,43292,Government,Zaid,2023,19.9615,79.2961
Sindhudurg,Pulses,949,247,43882,Government,Zaid,2023,16.1667,73.6667
Jalgaon,Soybean,523,202,8550,NGO,Zaid,2022,21.0077,75.5626
Nagpur,Soybean,1651,438,1298,NGO,Rabi,2022,21.1458,79.0882
Beed,Oilseeds,1137,186,39245,Government,Zaid,2024,18.9891,75.7601
Sindhudurg,Wheat,1975,321,24096,Cooperative,Kharif,2023,16.1667,73.6667
Palghar,Wheat,1085,10,11790,Government,Zaid,2023,19.6964,72.7656
Akola,Wheat,1798,75,23841,Private,Zaid,2024,20.7096,77.0027
Aurangabad,Rice,4418,236,11590,Government,Rabi,2023,19.8762,75.3433
Sindhudurg,Oilseeds,4517,231,39374,Cooperative,Zaid,2023,16.1667,73.6667
Nashik,Soybean,2457,262,47014,Cooperative,Zaid,2024,19.9975,73.7898
Chandrapur,Soybean,3084,459,17963,Cooperative,Rabi,2022,19.9615,79.2961
Raigad,Oilseeds,2171,270,2686,Cooperative,Zaid,2023,18.5236,73.1365
Mumbai,Cotton,1587,268,32135,Private,Rabi,2024,19.076,72.8777
Solapur,Oilseeds,4835,237,40270,Cooperative,Kharif,2023,17.6599,75.9064
Akola,Soybean,3649,17,22687,Government,Zaid,2023,20.7096,77.0027
Ahmednagar,Soybean,891,89,44849,Private,Kharif,2024,19.0948,74.7477
Parbhani,Wheat,3909,265,22161,Private,Zaid,2023,19.2704,76.7601
Mumbai,Soybean,2914,395,4009,NGO,Zaid,2022,19.076,72.8777
Satara,Oilseeds,4989,89,41289,NGO,Zaid,2023,17.6805,74.0183
Nashik,Pulses,2860,214,29112,NGO,Kharif,2024,19.9975,73.7898
Jalgaon,Maize,1073,239,6882,NGO,Zaid,2022,21.0077,75.5626
Latur,Maize,4464,86,21024,Private,Zaid,2024,18.4088,76.5604
Aurangabad,Cotton,4149,38,36001,Government,Rabi,2024,19.8762,75.3433
Sangli,Rice,451,484,8933,Cooperative,Zaid,2022,16.8524,74.5815
Gondia,Soybean,4812,416,17920,NGO,Kharif,2023,21.4597,80.199
Hingoli,Maize,4597,188,42948,Private,Kharif,2024,19.7191,77.148
Parbhani,Pulses,353,128,26658,Private,Zaid,2023,19.2704,76.7601
Solapur,Maize,3177,366,44083,Government,Zaid,2024,17.6599,75.9064
Yavatmal,Soybean,4024,152,32746,Cooperative,Zaid,2024,20.3893,78.1306
Parbhani,Maize,3990,281,49447,Private,Kharif,2024,19.2704,76.7601
Sindhudurg,Wheat,860,233,35163,Government,Zaid,2022,16.1667,73.6667
Osmanabad,Oilseeds,4277,40,26187,NGO,Zaid,2023,18.1868,76.0419
Parbhani,Wheat,214,53,24759,Cooperative,Kharif,2024,19.2704,76.7601
Jalgaon,Oilseeds,4188,472,18085,NGO,Kharif,2023,21.0077,75.5626
Parbhani,Cotton,855,15,17053,Government,Rabi,2023,19.2704,76.7601
Sangli,Maize,633,15,23817,Government,Zaid,2024,16.8524,74.5815
Amravati,Pulses,2184,122,35066,Cooperative,Kharif,2023,20.9374,77.7796
Chandrapur,Soybean,3324,26,6618,NGO,Zaid,2024,19.9615,79.2961
Sindhudurg,Rice,2352,11,1508,Cooperative,Zaid,2023,16.1667,73.6667
Beed,Oilseeds,655,261,44118,Private,Kharif,2023,18.9891,75.7601
Sangli,Wheat,2970,281,34446,NGO,Zaid,2024,16.8524,74.5815
Wardha,Cotton,1609,165,35967,NGO,Rabi,2022,20.7453,78.6022
Sangli,Oilseeds,2051,482,41962,Government,Kharif,2023,16.8524,74.5815
Yavatmal,Pulses,3782,415,19293,Private,Zaid,2022,20.3893,78.1306
Gadchiroli,Rice,3236,231,42389,Government,Kharif,2023,20.1868,80.192
Chandrapur,Maize,4346,332,19709,NGO,Kharif,2023,19.9615,79.2961
Washim,Pulses,3693,321,26086,NGO,Kharif,2022,20.139,77.1025
Aurangabad,Maize,1385,469,9273,Cooperative,Kharif,2023,19.8762,75.3433
Mumbai,Cotton,777,98,23581,NGO,Zaid,2023,19.076,72.8777
Nagpur,Maize,3468,42,48660,Cooperative,Kharif,2022,21.1458,79.0882
Osmanabad,Maize,528,57,44563,NGO,Rabi,2023,18.1868,76.0419
Nandurbar,Soybean,1149,210,10433,Cooperative,Zaid,2024,21.3667,74.25
Hingoli,Wheat,3322,268,29338,Government,Zaid,2023,19.7191,77.148
Gondia,Maize,694,194,3667,Government,Rabi,2023,21.4597,80.199
Nanded,Cotton,123,75,1594,NGO,Zaid,2022,19.1383,77.321
Akola,Maize,3404,128,29901,Private,Rabi,2023,20.7096,77.0027
Wardha,Wheat,2374,323,13002,Cooperative,Kharif,2023,20.7453,78.6022
Dhule,Cotton,306,354,49529,NGO,Rabi,2024,20.9042,74.7749
Solapur,Rice,4079,358,41630,Cooperative,Rabi,2023,17.6599,75.9064
Ratnagiri,Cotton,3178,272,28542,Private,Zaid,2023,16.9902,73.312
Aurangabad,Pulses,208,374,24684,Private,Zaid,2023,19.8762,75.3433
Chandrapur,Maize,4006,182,45078,Cooperative,Kharif,2023,19.9615,79.2961
Jalgaon,Cotton,3231,304,22657,Private,Zaid,2024,21.0077,75.5626
Sangli,Wheat,2010,248,31624,Private,Zaid,2024,16.8524,74.5815
Gadchiroli,Oilseeds,637,474,41821,Private,Zaid,2023,20.1868,80.192
Nanded,Rice,1194,52,44105,Government,Rabi,2024,19.1383,77.321
Hingoli,Pulses,2972,29,16492,Private,Kharif,2023,19.7191,77.148
Chandrapur,Wheat,391,113,12127,Government,Rabi,2024,19.9615,79.2961
Sangli,Wheat,1078,133,41074,Private,Kharif,2024,16.8524,74.5815
Nagpur,Soybean,1116,240,39443,Private,Rabi,2023,21.1458,79.0882
Pune,Soybean,2140,271,37021,Cooperative,Kharif,2024,18.5204,73.8567
Ratnagiri,Cotton,410,287,25275,NGO,Rabi,2023,16.9902,73.312
Aurangabad,Maize,1950,261,11453,Government,Kharif,2024,19.8762,75.3433
Sindhudurg,Maize,1750,44,4419,NGO,Rabi,2024,16.1667,73.6667
Sindhudurg,Oilseeds,1033,14,9461,Cooperative,Zaid,2024,16.1667,73.6667
Chandrapur,Oilseeds,3873,340,38251,Government,Rabi,2024,19.9615,79.2961
Palghar,Maize,3307,115,27375,NGO,Rabi,2024,19.6964,72.7656
Chandrapur,Rice,4111,348,37192,Cooperative,Rabi,2023,19.9615,79.2961
Chandrapur,Soybean,1375,97,19703,Private,Rabi,2023,19.9615,79.2961
Dhule,Wheat,3374,110,6288,Government,Zaid,2022,20.9042,74.7749
Chandrapur,Wheat,3328,84,14880,Government,Kharif,2023,19.9615,79.2961
Ratnagiri,Cotton,1910,424,19827,Government,Kharif,2023,16.9902,73.312
Beed,Wheat,1836,467,47715,Government,Rabi,2024,18.9891,75.7601
Nashik,Soybean,246,377,44077,Cooperative,Kharif,2023,19.9975,73.7898
Osmanabad,Wheat,3244,446,11374,Private,Rabi,2022,18.1868,76.0419
Bhandara,Rice,242,119,35190,Government,Kharif,2024,21.1661,79.6526
Raigad,Pulses,4156,384,29261,Private,Zaid,2023,18.5236,73.1365
Kolhapur,Soybean,895,112,13195,Government,Rabi,2023,16.705,74.2433
Nanded,Cotton,4623,169,15988,Private,Rabi,2022,19.1383,77.321
Pune,Soybean,1993,318,15983,Private,Zaid,2024,18.5204,73.8567
Palghar,Soybean,1411,370,45594,Cooperative,Rabi,2023,19.6964,72.7656
Jalgaon,Soybean,4356,270,49201,Government,Rabi,2023,21.0077,75.5626
